first_name,last_name,middle_name,email
Crissie,Toms,Female,ctoms0@linkedin.com
Eartha,Mordon,Female,emordon1@wikispaces.com
Kerk,Deverale,Male,kdeverale2@ow.ly
Yurik,MacMeanma,Male,ymacmeanma3@elegantthemes.com
Kirby,Kubek,Female,kkubek4@issuu.com
Deirdre,Edgecombe,Female,dedgecombe5@cloudflare.com
Sloane,Swetenham,Genderfluid,sswetenham6@soundcloud.com
Dolli,Thomas,Female,dthomas7@wikimedia.org
Alexine,Seawell,Female,aseawell8@mapy.cz
Agna,Monck,Female,amonck9@prweb.com
Jewelle,Cardo,Genderfluid,jcardoa@is.gd
Nicolette,Loughton,Female,nloughtonb@canalblog.com
Chrissie,Chastel,Male,cchastelc@arstechnica.com
Sheela,Brachell,Female,sbrachelld@intel.com
Trisha,Dalgety,Polygender,tdalgetye@xrea.com
Roseline,Dunseath,Female,rdunseathf@addtoany.com
Alvira,Fridlington,Bigender,afridlingtong@ameblo.jp
Tessi,Berthelmot,Female,tberthelmoth@gizmodo.com
Madelina,Salomon,Female,msalomoni@goo.gl
Evangelia,Doche,Female,edochej@kickstarter.com
Olva,Peddie,Female,opeddiek@surveymonkey.com
Victoria,Rotge,Female,vrotgel@nih.gov
Cletus,Somerscales,Male,csomerscalesm@a8.net
Wolf,Stutter,Male,wstuttern@yandex.ru
Vlad,Ferrini,Male,vferrinio@xing.com
Sibylle,Ladbury,Female,sladburyp@istockphoto.com
Peter,Danter,Agender,pdanterq@mozilla.org
Vasilis,Gally,Male,vgallyr@berkeley.edu
Grady,Rothert,Male,grotherts@alexa.com
Filberte,Southby,Male,fsouthbyt@amazon.de
Allayne,Audley,Male,aaudleyu@gravatar.com
Harry,Tallon,Male,htallonv@census.gov
Marja,Carruth,Female,mcarruthw@squidoo.com
Vic,Colnet,Male,vcolnetx@sogou.com
Andeee,Brogan,Female,abrogany@printfriendly.com
Gonzales,Coyett,Male,gcoyettz@amazon.co.uk
Mohandas,Gabala,Male,mgabala10@bloomberg.com
Julina,Iannuzzelli,Non-binary,jiannuzzelli11@newyorker.com
Ber,Mallabone,Non-binary,bmallabone12@sourceforge.net
Allyn,Melling,Female,amelling13@cargocollective.com
Brodie,Goodbarne,Male,bgoodbarne14@icq.com
Michelle,MacAscaidh,Female,mmacascaidh15@wikipedia.org
Luciano,Maykin,Male,lmaykin16@icq.com
Barbey,Colthard,Female,bcolthard17@msn.com
Betty,Kirvin,Female,bkirvin18@wordpress.org
Hersh,Pitts,Male,hpitts19@java.com
Dorey,Chisman,Female,dchisman1a@themeforest.net
Jolie,Mabbott,Female,jmabbott1b@independent.co.uk
Cchaddie,Anker,Male,canker1c@forbes.com
Nefen,Deeman,Male,ndeeman1d@patch.com
Griselda,Merryfield,Female,gmerryfield1e@ucla.edu
Bianka,Calow,Female,bcalow1f@slashdot.org
Mozes,Siegertsz,Male,msiegertsz1g@meetup.com
Carlie,Santi,Male,csanti1h@vkontakte.ru
Alicia,Duetsche,Genderqueer,aduetsche1i@cornell.edu
Almire,Annets,Female,aannets1j@mac.com
Lay,O'Mailey,Agender,lomailey1k@rakuten.co.jp
Aurel,Baudon,Female,abaudon1l@lycos.com
Kass,Caesman,Female,kcaesman1m@usa.gov
Jennee,Hawler,Female,jhawler1n@virginia.edu
Dicky,Fullard,Male,dfullard1o@mysql.com
Zed,Frowd,Male,zfrowd1p@un.org
Dimitri,Seeler,Male,dseeler1q@hao123.com
Katrinka,Du Fray,Genderqueer,kdufray1r@yandex.ru
Seana,Brisset,Female,sbrisset1s@cam.ac.uk
Fredek,Blizard,Male,fblizard1t@paginegialle.it
Tally,Caush,Non-binary,tcaush1u@irs.gov
Sidoney,Penfold,Female,spenfold1v@acquirethisname.com
Bay,Turban,Male,bturban1w@yale.edu
Erica,Fredi,Genderqueer,efredi1x@google.com.hk
Charmine,Sant,Female,csant1y@dmoz.org
Tonye,Serraillier,Female,tserraillier1z@google.pl
Shandeigh,Rieflin,Agender,srieflin20@marketwatch.com
Vanya,Lovat,Female,vlovat21@sciencedaily.com
Raul,Renneke,Male,rrenneke22@canalblog.com
Judi,Coping,Female,jcoping23@wikipedia.org
Ashil,Challenor,Female,achallenor24@blogtalkradio.com
Cooper,Lintott,Male,clintott25@arizona.edu
Berna,Circuitt,Female,bcircuitt26@bloomberg.com
Mattheus,Fullerd,Male,mfullerd27@addthis.com
Cecily,Marion,Female,cmarion28@howstuffworks.com
Blisse,Savatier,Female,bsavatier29@newyorker.com
Rooney,Dibbin,Male,rdibbin2a@t.co
Phoebe,Alaway,Female,palaway2b@epa.gov
Raleigh,Worsell,Male,rworsell2c@msu.edu
Ursala,Rame,Female,urame2d@blogspot.com
Kristopher,Porkiss,Male,kporkiss2e@google.de
Elwood,Shapcote,Male,eshapcote2f@chron.com
Arron,Di Dello,Male,adidello2g@ning.com
Ardra,Waddicor,Female,awaddicor2h@1688.com
Teena,Cronk,Female,tcronk2i@cam.ac.uk
Gwenneth,O'Dee,Polygender,godee2j@1und1.de
Iosep,Pitchers,Male,ipitchers2k@rakuten.co.jp
Arny,Calleja,Male,acalleja2l@cnet.com
Monti,Dougherty,Male,mdougherty2m@hao123.com
Taite,Jarrelt,Male,tjarrelt2n@salon.com
Lina,Tindall,Female,ltindall2o@sakura.ne.jp
Lotte,Smerdon,Female,lsmerdon2p@uiuc.edu
Evvy,Ofer,Female,eofer2q@merriam-webster.com
Marchelle,Merida,Female,mmerida2r@dagondesign.com
